imdbId,imdbid,Movie Name,Argentina,Australia,Austria,Bahrain,Belgium,Bolivia,Brazil,Bulgaria,Cambodia,Chile,China,Colombia,Croatia,Cyprus,Czech Republic,Denmark,Domestic,Ecuador,Egypt,Estonia,Ethiopia,Finland,France,Germany,Ghana,Greece,Hong Kong,Hungary,Iceland,India,Israel,Italy,Japan,Jordan,Kenya,Latvia,Lebanon,Lithuania,Malaysia,Mexico,Netherlands,New Zealand,Nigeria,Norway,Oman,Panama,Paraguay,Peru,Philippines,Poland,Portugal,Qatar,Romania,Russia/CIS,Serbia and Montenegro,Singapore,Slovakia,Slovenia,South Africa,South Korea,Spain,Sweden,Switzerland,Switzerland (French),Switzerland (German),Switzerland (Italian),Taiwan,Thailand,Türkiye,Ukraine,United Arab Emirates,United Kingdom,Uruguay,Venezuela,Vietnam
3685218,,Felix and Meira (2014),"$31,849",,,,"$12,826",,,,,,,,,,,,,,,,,,,,,,,,,,,,,,,,,,,,,,,,,,,,,,,,,,,,,,,,,,,,,,,,,,,,"$4,686",,
3451498,,"Bystree, chem kroliki (2014)",,,,,,,,,,,,,,,,,,,,,,,,,,,,,,,,,,,,,,,,,,,,,,,,,,,,,,"$5,237,467",,,,,,,,,,,,,,,,,,,,,
1863347,,What Else Men Talk About (2011),,,,,,,,,,,,,,,,,,,,,,,,,,,,,,,,,,,,,,,,,,,,,,,,,,,,,,"$17,657,817",,,,,,,,,,,,,,,,,,,,,
1217578,,Vanished Empire (2008),,,,,,,,,,,,,,,,,"$10,289",,,,,,,,,,,,,,,,,,,,,,,,,,,,,,,,,,,,,"$1,501,283",,,,,,,,,,,,,,,,,,,,,
2402186,,My Sweet Orange Tree (2012),,,,,,,"$359,842",,,,,,,,,,,,,,,,,,,,,,,,,,,,,,,,,,,,,,,,,,,,,,,,,,,,,,,,,,,,,"$19,177",,,,,,,
5034276,,The Phone (2015),,,,,,,,,,,,,,,,,,,,,,,,,,,,,,,,,,,,,,,,,,,,,,,,,,,,,,,,,,,,"$2,108",,,,,,,,,,,,,,,
3577624,,A Perfect Day (2015),,"$65,814","$38,350",,"$19,047",,"$8,990","$14,711",,,,,"$4,278",,,,"$14,044",,,,,,"$168,671","$281,422",,"$13,563",,,"$2,332",,,"$930,817",,,,,,,,,,,,"$24,609",$722,,,,,,"$13,141",,,,"$1,067",,,"$2,633","$3,985","$60,251","$2,364,742",,,,,,,,"$14,295",,"$22,207",,,,
4126312,,"3 1/2 Minutes, 10 Bullets (2015)",,,,,,,,,,,,,,,,,,,,,,,,,,,,,,,,,,,,,,,,,,,,,,,,,,,,,,,,,,,,,,,,,,,,,,,,"$8,856",,,
1105740,,Eva (2010),,,,,,,,,,,,,,,,,,,,,,,,,,,,,,,,"$17,880",,,,,,,,,,,,,,,,,,,,,$601,,,,,,,,,,,,,,,,"$16,406",,,,,,
0880440,,L'auberge rouge (2007),,,,,"$184,618",,,,,,,,,,,,,,,,,,"$6,509,058",,,,,,,,,,,,,,,,,,,,,,,,,,,,,,,"$1,285,793",,,,,,,"$48,549",,"$28,845",,,,,,,"$40,629",,,,,
4150494,,The Here After (2015),,,,,,,,,,,,,,,,,,,,,,,,,,,,,,,,,,,,,,,,,,,,,,,,,,,,,,,,,,,,"$6,687",,,,,,,,,,,,,,,
0997035,,Bibliothèque Pascal (2010),,,,,,,"$7,200",,,,,,,,,,,,,,,,,,,,,"$21,851",,,,,,,,,,,,,,,,,,,,,,,,,,,,,,,,,,,,,,,,,,,,,,,
3734678,,Them Who? (2015),,,,,,,,,,,,,,,,,,,,,,,,,,,,,,,,,,,,,,,,,,,,,,,,,,,,,,"$16,690",,,,,,,,,,,,,,,,,,,,,
0332743,,Salomé (2002),"$13,152",,,,,,,,,"$15,631",,,,,,,,,,,,,,,,,,,,,,,,,,,,,,,,,,,,,,,,,,,,,,,,,,,,,,,,,,,,,,,,,
3296658,,Rams (2015),"$22,848","$515,585","$89,653",,"$123,529",,"$23,763",,,,,,"$1,655",,,,,,,,,"$28,341",,,,,,,"$247,506",,,"$149,561",,,,,,,,,,"$91,201",,"$73,798",,,,,,"$26,776","$6,225",,"$5,805",,,,"$1,040",,,"$37,002","$153,217",,,,"$33,940",,,,"$6,910",,,"$38,978",,,
2226519,,Plush (2013),,,,,,,,,,,,,,,,,,,,,,,,,,,,,,,,,,,,,,,,,,,,,,,,,,,,,,,,"$1,600",,,,,,,,,,,,,,,"$24,184",,,,
2058673,,Point Break (2015),"$548,212","$3,997,454","$464,663",,"$481,157","$253,531","$1,658,503","$306,272",,"$405,946","$39,403,259","$1,782,011","$156,837",,"$189,710","$452,844",,"$200,266",,,,"$176,863","$4,174,851","$1,017,713",,"$207,559","$1,238,923","$349,439","$44,585","$1,211,574",,"$3,772,867","$5,235,103",,"$45,406","$99,452","$417,671","$113,602","$809,265","$5,354,261","$1,387,810","$790,975",,"$426,537","$32,202",,,"$286,884","$413,370","$273,830","$237,408",,"$914,351","$6,036,343","$52,341","$698,277","$161,764","$51,914","$1,075,200","$1,935,441","$1,494,615","$429,919",,"$372,087","$970,628","$47,386","$1,170,445","$1,383,488","$279,576","$511,068","$1,817,501","$1,231,394","$25,228","$4,539,227","$98,645"
3477064,,Recep Ivedik 4 (2014),,"$48,378",,,,,,,,,,,,,,,,,,,,,,,,,,,,,,,,,,,,,,,,,,,,,,,,,,,,,,,,,,,,,,,,,,,,,,,,,
3504542,,Kidnapping of Michel Houellebecq (2014),,,"$7,908",,,,,,,,,,,,,,,,,,,,,,,,,,,,,,,,,,,,,,,,,,,,,,,"$10,495",,,,,,,,,,,"$75,764",,,,,,,,,,,"$1,928",,,
4232610,,The Squad (2015),,,,,,,,,,,"$363,284",,,,,,,,,,,,,,,,,,,,,,,,,,,,,,,,,,,,,,,,,,,"$84,211",,,,,,,,,,,,,,,,,,,,,
4935446,,Heart of a Dog (2015),,,,,,,,,,,,,,,,,"$420,813",,,,,,,,,,,,,,,,,,,,,,,,,,,,,,,,,,"$25,975",,,"$23,457",,,,,,,,,,,,,,,,,,"$23,430",,,
3148502,,Tamasha (2015),,"$219,989",$133,,,,,,,,,,,,,,,,,,,,,"$28,422",,,,,,"$12,136,142",,,,,,,,,,,,"$46,276",,,,,,,,,,,,,,,,,,,,,,,,,,,,,,"$663,313",,,
4934950,,Talvar (2015),,,,,,,,,,,,,,,,,,,,,,,,,,,,,,"$6,532,720",,,,,,,,,"$4,008",,,,,,,,,,,,,,,,,,,,,,,,,,,,,,,,,,,,
3001638,,Mary Kom (2014),,"$51,275",,,,,,,,,,,,,,,,,,,,,,,,,,,,,,,,,,,,,,,,,,,,,,,,,,,,,,,,,,,,,,,,,,,,,,"$167,265",,,
3529198,,My Little Pony: Equestria Girls - Rainbow Rocks Animated (2014),,,,,,,,,,,,,,,,,,,,,,,,,,,,,,,,,,,,,,,,"$124,601",,,,,,,,,,,,,,,,,,,,,,,,,,,,,,,,,"$7,557",,
3748512,,Hitchcock/Truffaut (2015),,,,,,,,,,,,,,,,,,,,,,,,,,,,,,,,,,,,,,,,,,"$2,636",,,,,,,,,"$1,698",,,"$17,736",,,,,,"$1,306","$59,068",,,,,,,,"$10,026",,,"$33,571",,,
2304933,,The 5th Wave (2016),"$2,547,633","$5,206,013","$361,554","$183,454","$400,161","$447,882","$5,750,049","$153,181",,"$1,867,419",,"$1,473,202","$25,855",,"$67,582",,,"$1,272,538","$216,579","$45,752","$3,914","$127,886","$7,220,487","$3,463,847","$3,619","$84,531","$1,290,178","$274,803","$36,885","$150,806","$210,519","$669,101",,"$77,232","$33,910","$66,037","$235,145","$64,811","$2,506,794","$5,547,450","$1,184,553","$878,768","$72,320","$316,613","$136,104",,,"$2,628,657","$2,155,462","$86,332","$420,870","$253,674","$334,327","$3,593,787",,"$1,137,483","$93,972",,"$301,463","$856,286","$3,221,903","$629,712",,,,,"$1,387,587","$1,142,655","$402,749","$485,193","$1,515,014","$709,949","$261,239","$655,163","$357,581"
3685622,,600 Miles (2015),,,,,,,,,,,,,,,,,,,,,,,,,,,,,,,,,,,,,,,,"$260,644",,,,,,,,,,,,,,,,,,,,,,,,,,,,,,,,,,,
3433632,,SK1 (2014),,,,,,,,,,,,,,,,,"$10,330",,,,,,"$2,563,070",,,,,,,,,,,,,,,,,,,,,,,,,,,,,,,,,,,,,,,,,,,,,,,,,,,,
2094872,,The Easy Way Out (2014),,,,,"$16,529",,,,,,,,,,,,,,,,,,"$290,488",,,,,,,,,"$22,000",,,,,,,,,,,,,,,,,,,,,,,,,,,,,,,,,,,,,,,,,,,
0483200,,The Power of Fear (2006),,,,,,,,,,,,,,,,,,,,,,,,,,,,,,,,,,,,,,,,,,,,,,,,,,,,,,"$4,890,521",,,,,,,,,,,,,,,,,,,,,
3754940,,Truman (2015),"$2,363,282","$210,094","$59,277",,,,"$623,238",,,"$73,854",,"$95,678",,,,,,,,,,"$31,217","$367,643","$198,433",,,,,,,,"$370,257",,,,,,,,"$81,818","$165,792",,,"$30,982",,,,"$36,617",,,"$21,025",,"$6,044",,,,,,,,"$3,830,630",,,,"$106,082",,,,,,,"$4,961","$139,836",,
0208993,,Downtown 81 (2000),,,,,,,,,,,,,,,,,"$231,445",,,,,,,,,,,,,,,,,,,,,,,,,,,,,,,,,,,,,,,,,,,,,,,,,,,,,,,,,,
2419986,,"Sexo fácil, películas tristes (2014)","$56,631",,,,,,,,,,,,,,,,,,,,,,,,,,,,,,,,,,,,,,,,,,,,,,,,,,,,,,,,,,,,,,,,,,,,,,,,,,
3616916,,The Wave (2015),"$109,057",,,,,"$141,448",,,,,,,,,,,,,,,,"$99,190","$155,385",,,,,,"$19,735",,,,,,,,,"$2,568",,"$617,614","$63,227",,,"$10,768,607","$21,995",,,,,,"$9,113",,,"$113,054",,,,,,"$87,579",,,,,,,"$136,523","$62,848",,"$15,323","$220,583","$16,884",,,"$137,006"
3430416,,Schneider vs. Bax (2015),,,,,,,,,,,,,,,,,,,,,,,,,,,,,,,,,,,,,,,,,,,,,,,,,,,,,,"$6,472",,,,,,,,,,,,,,,,,,,,,
4035268,,Cosmos (2015),,,,,,,,,,,,"$2,537",,,,,,,,,,,,,,,,,,,,,,,,,,,,,,,,,,,,,,,"$3,942",,,,,,,,,,,,,,,,,,,,,"$2,058",,,
2947556,,Blood Countess (2015),,,,,,,,,,,,,,,,,,,,,,,,,,,,,,,,,,,,,,,,,,,,,,,,,,,,,,"$937,491",,,,,,,,,,,,,,,,,,,,,
3966942,,The President (2014),,,,,,,,,,,,,,,,,,,,,,,,,,,,,,,,,,,,,,,,,,,,,,,,,,,,,,,,,,,,"$7,760",,,,,,,,,,,,,,,
1998204,,Home from Home: Chronicle of a Vision (2013),,,"$9,748",,"$18,496",,,,,,,,,,,,,,,,,,,"$1,463,669",,,,,,,,,,,,,,,,,,,,,,,,,,,,,,,,,,,,,"$20,807","$88,338",,,,,,,,,,,,,
4594834,,Chi-Raq (2015),,,,,,,,,,,,,,,,,,,,,,,,,,,,,,,,,,,,,,,,,,,,,,,,,,,,,,,,,,,,,,,,,,,,,,,,"$66,667",,,
4400058,,Babysitting 2 (2015),,,,,,"$13,496",,,,,,,,,,,,,,,,,,,,,,,,,,,,,,,,,,,,,,,,,,,,,,,,"$657,311",,,,,,,,,,,,,,,,,,,,,
3504226,,Weekend of a Champion (2013),,,$876,,,,,,,,,,,,,,,,,,,,,,,,,,,,,,,,,,,,,,,,,,,,,,,,,,,,,,,,,,,,,,,,,,,,,,,,
4644382,,Monkey King: Hero Is Back (2015),,,,,,,,,,,"$153,020,000",,,,,,,,,,,,,,,,,,,,,,,,,,,,,,,,,,,,,,,,,,,"$53,091",,,,,,"$114,796",,,,,,,,,,,,,,,
3859076,,Truth (2015),"$53,948","$238,823",,,,,"$237,836",,,"$17,060",,"$18,436",,,,"$31,672",,,,,,"$5,420","$340,749",,,,,,,,,"$800,334",,,,,,,,"$58,536",,,,,,,,"$23,467",,,"$68,686",,,,,"$13,624",,,"$54,703","$129,233","$358,475",,,"$27,934",,,"$285,123",,"$21,224",,,"$38,000","$17,960",,
1321862,,Back to the Jurassic (2012),"$102,492","$79,918","$14,258",,,"$30,707",,,,"$133,870",,"$63,084",,,"$142,739",,,,,,,,,"$57,186",,,,"$41,443",,,,"$714,589",,,,,"$27,191",,"$46,803","$386,586",,"$29,852",,,,,,"$58,935",,"$986,644","$65,072",,,"$721,787",,,"$78,198",,"$220,966","$1,831,658",,,,,,,,,"$436,473",,"$135,409",,"$13,068",,
4967094,,Our Times (2015),,"$333,642",,,,,,,,,"$54,499,955",,,,,,,,,,,,,,,,"$5,994,625",,,,,,,,,,,,"$2,346,748",,,"$32,849",,,,,,,,,,,,,,"$3,171,750",,,,"$2,842,967",,,,,,,"$14,660,808",,,,,"$50,166",,,
4788638,,To the Fore (2015),,,,,,,,,,,"$23,160,000",,,,,,,,,,,,,,,,,,,,,,,,,,,,,,,,,,,,,,,,,,,,,,,,,,,,,,,,,,,,,,,,
1821680,,Top Cat (2011),"$675,219",,,,,,"$1,093,167",,,,,,,,,,,,,,,,,,,,,,,,,,,,,,,,,"$8,199,985",,,,,,,,"$960,880",,,,,,,,,,,,,,,,,,,,,,,,,"$16,914","$639,216",
1596363,,The Big Short (2015),"$718,729","$5,398,830","$405,728",,"$422,374","$42,193","$2,166,918",,,,,"$97,391","$110,400",,"$73,772","$387,423",,"$72,979",,,,"$275,993","$5,416,144","$3,352,710",,"$413,310","$1,022,843","$305,006","$44,613",,"$585,250","$5,302,931","$4,532,159",,"$3,440",,"$91,516","$37,220","$110,803","$1,475,500","$805,140","$495,711",,"$448,723","$3,566",,,"$239,883",,"$685,952","$651,627",,"$150,929","$1,482,656","$78,576","$471,812","$39,298","$27,724","$127,720","$2,918,707","$3,153,399","$937,226",,"$345,090","$309,689",,"$797,022","$237,236","$300,698","$219,290","$421,225","$7,624,380","$74,172","$54,542",
3703148,,Christmas Eve (2015),,,,,,,,,,,,"$73,537",,,,,,,,,,,,,,,,,,,,,,,,,,,,,,,,,,,,,,,,,,,,,,,,,,,,,,,,,,,,,,,
1535103,,Loup (2009),,,,,"$110,750",,,,,,,,,,,,,,,,,,"$10,189,599",,,,,,,,,,,,,,,,,,,,,,,,,,,,,,,,,,,,"$11,996",,,,,,,,,,,,,,,,
4733536,,American Hero (2015),,,,,,,,,,,,,,,,,,,,,,,,,,,,,,,,,,,,,,,,,,,,,,,,,,,,,,,,,,,,,,,,,,,,,,,"$51,797",$27,,,
2241691,,Under the Rainbow (2013),,,,,,,"$67,338",,,,,,,,,,,,,,,,,,,,,,,,,,,,,,,,,,,,,,,,,,,,,,,,,,,,,,,,,,,,,,,,,,,,
2980554,,The Girl in the Book (2015),,,,,,,"$73,134",,,,,,,,,,,,,,,,,,,,,,,,,,,,,,,,,,,,,,,,,,,,,,,,,,,,,,,,,,,,,,,,,,,,
2322517,,Mojave (2015),,,,,,,,,,,,,,,,,,,,,,,,,,,,,,,,,,,,,,,,,,,,,,,,,,,,,,,,,,,,,,,,,,,,,,,,$349,,,
2827708,,Steak (R)evolution (2014),,,,,,,,,,,,,,,,,,,,,,,,,,,,,,,,,,,,,,$13,,,,,,,,,,,,,,,,,,,,,,,,,,,,,,,,,,,,,
3228360,,Yalom's Cure (2014),,,"$135,939",,,,,,,,,,,,,,,,,,,,,"$528,435",,"$59,507",,,,,,,,,,,,,,,,,,,,,,,,,,,,,,,,,,,"$41,929",,,,,,,,,,,,,,
1322355,,Psalm 21 (2009),,,,,,,,,,,,,,,,,,,,,,,,,,,,,,,,,,,,,,,,"$54,722",,,,,,,,"$240,792",,,,,,,,,,,,,,"$29,577",,,,,,,,,,,,,
2338424,,Tumbledown (2015),,,,,,,,,,,,,"$13,806",,,,,,,,,,,,,,,,,,,,,,,,,,,,,,,,,,,,,"$44,185","$4,375",,,,"$7,739",,,"$2,600",,"$44,797","$1,325",,,,,,,,"$28,230",,,,,,
3104572,,Paris Follies (2014),,"$539,404","$138,669",,"$47,033",,"$149,842",,,,,,,,,,,,,,,,"$1,812,077",,,,,,,,,,,,,,,,,,,"$42,957",,,,,,,,,,,,,,,,,,,"$133,694",,,,,,,,,,,,,,
1706433,,To Live! (2010),,,,,,,,,,,,,,,,,,,,,,,,,,,,,,,,,,,,,,,,,,,,,,,,,,,,,,"$11,661",,,,,,,,,,,,,,,,,,,,,
1522296,,Snowman's Land (2010),,,,,,,,,,,,,,,,,"$1,190",,,,,,,,,,,,,,,,,,,,,,,,,,,,,,,,,,,,,,,,,,,,"$1,938",,,,,,,,,,,,,,
4337072,,Ghost in the Shell: The New Movie (2015),,,,,,,,,,,,,,,,,"$101,203",,,,,,,,,,,,"$23,491",,,,"$1,231,108",,,,,,,,,,,"$174,520",,,,,,,,,,,,,,"$14,609","$168,475",,,,,,,,,,,,,,,,
1527835,,Archipelago (2010),,,,,,,,,,,,,,,,,"$7,791",,,,,,,,,,,,,,,,,,,,,,,,,,,,,,,,,,,,,"$13,247",,,,,,,,,,,,,,,,,,"$491,598",,,
3893620,,Locust (2014),,,,,,,,,,,,,,,,,,,,,,,,,,,,,,,,,,,,,,,,,,,,,,,,,,,,,,"$431,000",,,,,,,,,,,,,,,,,,,,,
4382872,,Extraction (2015),,,,,,,,,,,,,,,,,,,,,,,,,,,,,,,,,,,,,"$81,817",,,,,,,,"$10,250",,,,,,"$46,051",,,"$12,722",,,,,,,,,,,,,"$153,366","$15,952","$48,568",,"$310,514",,,,"$14,621"
1608290,,Zoolander 2 (2016),"$1,136,717","$5,289,356","$220,994",,"$65,081","$61,786","$120,163","$41,593",,"$117,906",,"$186,340","$27,913",,"$93,741","$33,390",,"$217,109",,"$11,903",,"$196,331",,"$565,610",,,"$294,025","$38,662","$87,044",,"$70,402","$2,359,733",,,,,"$39,410","$22,378","$278,202","$1,105,757","$103,400","$343,016",,"$105,583","$5,325",,,"$183,170","$2,442,645",,"$113,660",,"$77,963","$602,241","$19,091","$282,860","$38,407","$18,786","$178,393","$42,723","$914,604","$159,459",,,"$87,756",,"$341,010","$132,999","$54,932","$118,434","$362,149","$5,777,833","$72,907","$53,626",
2552394,,Barney Thomson (2015),,,,,,,,,,,,,,,,,,,,,,,,,,,,,,,,,,,,,,,,,,,,,,,,,,,,,,"$25,189",,,,,,,,,,,,,,,,,,,,,
3020666,,Unbranded (2015),,,,,,,,,,,,,,,,,,,,,,,,,,,,,,,,,,,,,,,,,,"$2,607",,,,,,,,,,,,,,,,,,,,,,,,,,,,,,,,,
3709678,,The Kindergarten Teacher (2014),"$83,325",,,,,,,,,,,,,,,,,,,,,,"$140,271",,,,,,,,,,,,,,,,,"$9,660",,,,,,,,,,,,,,,,,,,,,"$14,619",,,,,,,,,,,,,,
1292566,,How to Be Single (2016),"$435,000","$8,222,883","$643,500","$37,076","$1,086,235",,"$603,474","$119,720",,"$297,974",,"$314,000","$138,715",,"$211,611","$927,505",,"$151,915",,"$75,460",,"$594,118","$2,443,513","$9,300,000",,"$167,829","$655,422","$792,895","$82,895",,"$658,132","$2,100,000",,,"$13,360",,"$212,407","$139,978",,"$1,900,000","$2,771,220","$865,588",,"$1,273,017","$2,756",,,"$218,728","$369,268","$453,078","$318,340",,"$511,573","$2,321,499","$49,411","$810,641","$325,654","$82,894","$574,215",,"$1,722,977","$1,405,340",,"$70,892","$1,766,693",,"$3,500,000",,"$122,000","$527,213","$863,952","$8,600,000","$39,427","$9,143",
3054798,,Memories of the Sword (2015),,,,,,,,,,,,,,,,,,,,,,,,,,,,,,,,,,,,,,,,,,,,,,,,,,,,,,,,,,,,"$2,233,991",,,,,,,,,,,,,,,
3620762,,Anguish (2015),,,,,,,,,,,,,,,,,,,,,,,,,,,,,,,,"$42,423",,,,,,,,,,,,,,,,,,,,,,,,,,,,,,,,,,,,,,,,$467,,,
3028018,,Blue Exorcist: The Movie (2012),,,,,,,,,,,,,,,,,,,,,,,,,,,,,,,,,"$5,973,125",,,,,,,,,,,,,,,,,,,,,,,,,,,,,,,,,,,,,,,,,,
3505682,,Bolshoi Babylon (2015),,,,,,,,,,,,,,,,,,,,,,,,,,,,,,,,,,,,,,,,,,,,,,,,,,,,,,"$11,108",,,,,,"$4,648",,,,,,,,"$11,231",,,,,,,
5049302,,The Priests (2015),,,,,,,,,,,,,,,,,,,,,,,,,,,,,,,,,,,,,,,,,,,,,,,,,,,,,,,,"$24,404",,,,"$36,367,637",,,,,,,,,,,,,,,
1841584,,The Cat Vanishes (2011),"$208,868",,,,,,,,,,,,,,,,,,,,,,,,,,,,,,,,,,,,,,,,,,,,,,,,,,,,,,,,,,,,,,,,,,,,,,,,"$4,279",,
1385633,,The Runway (2010),,,,,,,,,,,,,,,,,,,,,,,,,,,,,,,,,,,,,,,,"$109,735",,,,,,,,,,,,,,,,,,,,,,,,,,,,,,,,,,,
3345472,,Parasyte: Part 1 (2014),,,,,,,,,,,"$7,229,631",,,,,,,,,,,,,,,,,,,,,,,,,,,,,,,,,,,,,,,,,,,,,,,,,,,,,,,,,,,,,,,,
2718314,,Dark Awakening (2014),,,,,,,,,,,,,,,,,,,,,,,,,,,,,,,,,,,,,,,"$161,058",,,,,,,,,,,,,,,,,,,,,,,,,,,,,,,,,,,,
4667094,,Fifty Shades of Black (2016),"$624,758",,,,"$60,714",,"$2,950,153",,,,,"$108,914","$27,188",,"$329,921","$184,937",,,,,,,,,,"$165,972",,"$191,065","$6,231",,,"$1,442,610",,,,,,"$57,883",,"$531,318",,,,,,,,"$210,154",,"$386,970","$307,252",,"$339,372","$610,293","$92,415",,"$236,306","$74,780","$142,907",,,,,,,,,,"$39,120","$131,393",,"$118,854",,,
4550098,,Nocturnal Animals (2016),"$109,412","$1,566,598","$117,203",,"$227,142",,"$593,988","$28,281",,,,"$84,508","$37,479","$10,827","$63,131","$240,000",,,,"$44,914",,"$83,891","$1,655,859","$1,301,547",,"$209,521",,"$128,427",,,"$113,914","$2,241,355","$432,457",,,"$37,819",,"$35,458",,"$591,473","$897,499","$155,124",,"$49,099",,"$47,217","$4,049","$24,446",,"$326,956","$127,484",,"$133,566","$1,117,755",,"$130,831","$26,950","$26,645","$10,932","$246,920","$1,096,338","$280,116","$422,455",,,,"$110,072","$39,234","$132,416",,,"$3,788,129","$15,877","$22,498",
1528854,,Daddy's Home (2015),"$1,185,905","$15,361,513","$413,661",,"$344,515","$402,552","$1,992,032","$129,447",,,,"$1,518,646","$40,273",,"$24,350","$598,325",,"$487,875",,,,"$292,186",,"$1,811,127",,"$25,797","$302,303","$577,100","$182,569",,"$819,041","$192,643",,,"$12,537","$37,195","$205,097","$81,269","$262,075","$7,056,781","$770,523","$1,051,916",,"$575,737","$33,253",,,"$2,378,465",,"$83,421","$218,386",,"$412,400","$2,079,885",,"$568,870","$40,194","$47,553","$467,749",,"$2,114,036","$774,443",,,,,"$901,711","$253,287","$59,373","$490,406","$1,432,189","$24,287,482","$171,343","$283,950",
1850457,,Sisters (2015),,"$8,360,646","$137,573",,,"$27,443","$49,670","$120,619",,"$38,092",,,"$45,904",,,,,"$131,252",,,,,"$99,714","$1,373,846",,,,,"$112,653",,,"$97,559",,,,"$28,193","$46,307","$35,987","$53,262",,,"$482,370",,,"$15,025",,,"$93,370","$1,494",,"$186,069",,"$276,223","$235,403","$34,239","$54,252",,"$101,480","$271,361",,"$257,418",,,,"$111,973",,"$130,925",,,"$173,344","$286,670","$3,979,713","$16,313","$23,697",
2267968,,Kung Fu Panda 3 (2016),"$3,854,608","$9,807,545","$1,220,923","$435,416","$1,732,240","$635,833","$6,607,390","$468,362","$88,488","$2,523,491","$154,304,371","$3,173,014","$351,400",,"$879,348","$3,151,584",,"$1,623,556",,"$227,230","$10,544","$1,346,971","$19,366,374","$7,029,300",,"$873,002","$3,531,619","$679,576","$156,478",,"$1,273,945","$9,188,861",,,,,"$292,667","$334,820","$3,548,516","$15,897,655","$3,027,409","$1,463,837",,"$2,026,269","$288,996",,,"$3,017,302",,"$2,756,669","$1,214,569","$514,763","$499,925","$13,905,351","$162,781","$3,759,394","$446,033","$359,505","$1,292,415","$26,388,997","$6,765,036","$2,224,755",,"$979,544","$1,697,068",,"$1,654,097","$1,257,143","$1,155,535","$1,140,564","$3,459,523","$20,321,914","$431,040","$712,073",
4316236,,The Black Panthers: Vanguard of the Revolution (2015),,,,,,,,,,,,,,,,,,,,,,,,,,,,,,,,,,,,,,,,,,,,,,,,,,,,,,,,,,,,,,,,,,,,,,,,"$28,523",,,
0844347,,Midnight Sun (2006),,,,,,,,,,,,,,,,,,,,,,,,,,,"$138,336",,,,,,"$7,074,505",,,,,,,,,,,,,,,,,,,,,,,,,,,"$406,120",,,,,,,"$8,613","$6,484",,,,,,,
0416881,,"Josee, the Tiger and the Fish (2003)",,"$114,435",,,,,,,,,,,,,,,,,,,,,,,,,,,,,,,"$451,637",,,,,"$13,086",,,,"$15,599",,,,,,,,,,,,"$165,994",,,,,,"$473,194",,,,,,,,,,,,"$56,685",,,"$77,706"
0456821,,About Love (2005),,,,,,,,,,,,,,,,,,,,,,,,,,,"$119,166",,,,,,,,,,,,,,,,,,,,,,,,,,,,,,,,,,,,,,,,"$22,678",,,,,,,,
1542840,,Villain (2010),,,,,,,,,,,,,,,,,,,,,,,,,,,"$55,795",,,,,,"$22,265,088",,,,,,,,,,,,,,,,,,,,,,,,,,,"$22,565",,,,,,,"$62,923",,,,,,,,
1032764,,"Love, Pain and Vice Versa (2008)",,,,,,,,,,,,,,,,,,,,,,,,,,,,,,,,,,,,,,,,"$542,978",,,,,,,,,,,,,,,,,,,,,,,,,,,,,,,,,,,
1078600,,Walking Vengeance (2008),,,,,,,,,,,,,,,,,,,,,,,,,,,,,,,,,,,,,,,,"$807,908",,,,,,,,,,"$8,919",,,,"$11,570",,,,,,,"$1,438,930",,,,,,,,,,,,,,
1646214,,Love in Disguise (2010),,,,,,,,,,,"$8,066,772",,,,,,,,,,,,,,,,,,,,,,,,,,,,,,,,,,,,,,,,,,,,,,,,,,,,,,,,,,,,,,,,
1674766,,101 Proposals (2013),,,,,,,,,,,"$31,260,000",,,,,,,,,,,,,,,,,,,,,,,,,,,,,,,,,,,,,,,,,,,,,,,,,,,,,,,,,,,,,,,,
3013126,,One Night Surprise (2013),,,,,,,,,,,"$26,212,189",,,,,,,,,,,,,,,,,,,,,,,,,,,,,,,,,,,,,,,,,,,,,,,,,,,,,,,,,,,,,,,,
0448245,,Quatre étoiles (2006),,,,,,,"$43,059",,,,,,,,,,,,,,,,"$5,555,830",,,,,,,,,"$60,759",,,,,,,,"$23,787",,,,,,,,,,,,,$716,,,,,,,,,,,,,,,,,,,,,"$40,147",
2379436,,Gone Fishing (2012),"$154,710",,,,,,"$22,590",,,,,,,,,,,,,,,,,,,,,,,,,,,,,,,,,,,,,,,,,,,,,,,,,,,,,,"$122,639",,,,,,,,,,,,,,
1554523,,Under the Hawthorn Tree (2010),,,,,,,"$159,921",,,,"$21,668,944",,,,,,,,,,,,,,,,"$229,777",,,,,,,,,,,,,,,,,,,,,,,,,,,"$14,581",,,,,,,,,,,,,,,,,,,,,
2734566,,The Bride (2015),,,,,,,,,,,,,,,,,,,,,,,,,,,,,,,,,,,,,,,,,,,,,,,,,,,,,,,,,,,,,,,,,,,"$608,028",,,,,,,,
1794725,,When Santa Fell to Earth (2011),,,"$186,638",,,,,,,,,,,,,,,,,,,,,"$1,918,970",,,,,,,,,,,,,,,,,,,,"$115,663",,,,,,,,,,,"$7,861",,,,,,,,,,,,,,,,,"$64,401",,,
2102502,,My Lucky Star (2013),,,,,,,,,,,"$21,970,000",,,,,,,,,,,,,,,,"$4,882",,,,,,,,,,,,"$149,784",,,$660,,,,,,,,,,,,,,"$69,421",,,,,,,,,,,,,,,,,,,
3735246,,Bajirao Mastani (2015),,"$730,061",,,,,,,,,,,,,,,"$6,557,047",,,,,,,,,,,,,,,,,,,,,,,,,"$169,908",,,,,,,,,"$8,185",,"$7,305",$711,,,,,,,,,,,,,,,,,"$1,948,555","$1,929,856",,,
3909336,,Worlds Apart (2015),,,,,,,,,,,,,,,,,,,,,,,,,,"$4,734,653",,"$13,211",,,,,,,,,,,,,,,,,,,,,,,,,,,,,,,,"$203,398",,,,,,,,,,,,,,,
3504604,,Steve McQueen: The Man & Le Mans (2015),,,,,,,,,,,,,,,,,,,,,,,,,,,,,,,,,,,,,,,,,,,,,,,,,,,,,,,,,,,,,"$4,157",,,,,,,,,,,"$30,203",,,
3284178,,Arabian Nights: Volume 1 - The Restless One (2015),,,,,"$9,498",,,,,,,,,,,,,,,,,,,,,,,,$286,,,,,,,,,,,,,,,,,,,,,,,,,,,,,,,,,,,,,,,,,,,"$6,201",,,
4618398,,Boruto: Naruto the Movie (2015),,"$175,887",,,,,,,,,"$15,392,640",,,,,,,,,,,,"$69,687",,,,"$83,140",,,,,,"$20,477,537",,,,,,"$370,848","$144,394",,"$33,805",,,,,,,,,,,,,,,,,,"$406,478",,,,,,,"$59,802","$228,579",,,,,,,
0795434,,Namastey London (2007),,"$213,850",,,,,,,,,,,,,,,,,,,,,,,,,,,,"$12,108,989",,,,,,,,,"$15,285",,,,,,,,,,,,,,,,,,,,,,,,,,,,,,,,,"$1,728,616",,,
0282628,,Jan Dara (2001),,,,,,,,,,,,,,,,,,,,,,,,,,,"$961,974",,,,,,,,,,,,,"$36,786",,,,,,,,,,,,,,,,"$60,984",,,,,,,,,,,"$47,602",,,,,,,,
4701702,,Mr. Six (2015),,"$351,017",,,,,,,,,"$137,268,153",,,,,,,,,,,,,,,,"$16,872",,,,,,,,,,,,,,,"$53,558",,,,,,,,,,,,,,"$55,710",,,,,,,,,,,,,,,,"$30,585",,,
4161962,,Ahora o nunca (2015),,,,,,,,,,,,,,,,,,,,,,,,,,,,,,,,,,,,,,,,,,,,,,,,,,,"$2,824",,,,,,,,,,"$9,425,052",,,,,,,,,,,,,,
3717532,,The Last: Naruto the Movie (2014),,"$134,543",,,,,"$222,435",,,"$133,532",,,,,,,,,,,,,,,,,"$186,995",,,,,,,,,,,,,"$299,216",,"$29,030",,,,,,"$184,137","$47,902",,,,,"$428,849",,"$380,939",,,,"$329,622",,,,,,,,,,,,,,,"$47,534"
4819560,,Saving Mr. Wu (2015),,,,,,,,,,,"$30,350,000",,,,,,,,,,,,,,,,"$289,076",,,,,,,,,,,,"$276,476",,,,,,,,,,,,,,,,,"$213,913",,,,,,,,,,,,,,,,,,,
2002626,,We Were There: True Love (2012),,,,,,,,,,,,,,,,,,,,,,,,,,,"$61,433",,,,,,"$49,639,086",,,,,,,,,,,,,,,,,,,,,,,,,,,,,,,,,,,,,,,,,,
1745713,,Buddha Mountain (2010),,,,,,,,,,,"$10,656,489",,,,,,,,,,,,,,,,,,,,,,,,,,,,,,,,,,,,,,,,,,,,,,,,,,,,,,,,,,,,,,,,
1068643,,Closed Note (2007),,,,,,,,,,,,,,,,,,,,,,,,,,,,,,,,,"$7,524,929",,,,,,,,,,,,,,,,,,,,,,,,,,,"$5,526",,,,,,,,,,,,,,,
2319760,,Girlfriend Boyfriend (2012),,,,,,,,,,,,,,,,,,,,,,,,,,,"$449,693",,,,,,,,,,,,,,,"$6,152",,,,,,,,,,,,,,"$147,367",,,,,,,,,,,,,,,,,,,
1374989,,Pride and Prejudice and Zombies (2016),"$104,778","$130,802",,"$26,967","$52,708",,"$101,622","$21,433",,,,"$87,924",,,,,,"$105,908",,,,,,"$175,789",,,"$346,624",,,,,"$487,887",,,,,"$20,784",,"$474,649","$373,430",,,,,"$25,261",,,"$66,053","$132,831",,"$60,010",,"$43,641","$532,267",,"$157,086",,,"$39,240","$64,058","$174,632","$35,987",,,,,,"$308,340","$52,951","$52,973","$183,178","$1,037,601","$7,351",,"$34,595"
2559036,,Olvidados (2014),,,,,,"$116,795",,,,,,,,,,,"$24,638",,,,,,,,,,,,,,,,,,,,,,,,,,,,,,,,,,,,,,,,,,,,,,,,,,,,,,,,,,
1381112,,Sister Smile (2009),,,,,,,,,,,,,,,,,,,,,,,,,,,,,,,,,,,,,,,,,,"$7,890",,,,,,,,,,,,,,,,,,"$3,433",,,,,,,,,,,,,,,
1506965,,Smoorverliefd (2010),"$14,064",,,,"$1,368,490",,,,,,,,,,,,,,,,,,,,,,,,,,,,,,,,,,,,,,,,,,,,,,,,,,,,,,,,,,,,,,,,,,,,,,
2197849,,Brasserie Romantiek (2012),,,,,"$996,191",,"$209,040",,,,,,,,,,,,,,,,,,,,,,,,,,,,,,,,,,,,,,,,,,,,,,,,,,,,,,"$66,294",,,,,,,,,,,,,,
1272041,,My Queen Karo (2009),,,,,,,,,,,,,,,,,,,,,,,,,,,,,,,,,,,,,,,,,,,,,,,,,,,,,,,,,,,,,,,,,,,"$7,216",,,,,,,,
