Movie Name,Belgium,Argentina,Uruguay,Russia/CIS,Domestic,Brazil,Thailand,South Korea,Spain,Italy,Germany,France,Austria,Norway,United Arab Emirates,Bulgaria,Türkiye,Greece,Portugal,Croatia,South Africa,Slovenia,Iceland,Serbia and Montenegro,Oman,Australia,United Kingdom,Romania,Ukraine,Switzerland,Hungary,Chile,Switzerland (German),Finland,Poland,Slovakia,New Zealand,Singapore,Netherlands,Denmark,Sweden,Lebanon,Switzerland (French),Czech Republic,Lithuania,Latvia,Switzerland (Italian),Kenya,Mexico,Venezuela,Colombia,Peru,Bolivia,Ecuador,Japan,Hong Kong,India,Taiwan,Malaysia,Philippines,Vietnam,China,Qatar,Egypt,Israel,Bahrain,Jordan,Nigeria,Estonia,Ethiopia,Ghana,Cyprus,Panama,Paraguay,Cambodia
Felix and Meira (2014),"$12,826","$31,849","$4,686",,,,,,,,,,,,,,,,,,,,,,,,,,,,,,,,,,,,,,,,,,,,,,,,,,,,,,,,,,,,,,,,,,,,,,,,
A Perfect Day (2015),"$19,047",,,,"$14,044","$8,990",,"$60,251","$2,364,742","$930,817","$281,422","$168,671","$38,350","$24,609","$22,207","$14,711","$14,295","$13,563","$13,141","$4,278","$3,985","$2,633","$2,332","$1,067",$722,"$65,814",,,,,,,,,,,,,,,,,,,,,,,,,,,,,,,,,,,,,,,,,,,,,,,,,
L'auberge rouge (2007),"$184,618",,,"$1,285,793",,,,,"$48,549",,,"$6,509,058",,,,,,,,,,,,,,,,,"$40,629","$28,845",,,,,,,,,,,,,,,,,,,,,,,,,,,,,,,,,,,,,,,,,,,,,
Rams (2015),"$123,529","$22,848",,,,"$23,763",,"$37,002","$153,217","$149,561",,,"$89,653","$73,798",,,"$6,910",,"$6,225","$1,655",,,"$247,506",,,"$515,585","$38,978","$5,805",,,,,"$33,940","$28,341","$26,776","$1,040","$91,201",,,,,,,,,,,,,,,,,,,,,,,,,,,,,,,,,,,,,,
Point Break (2015),"$481,157","$548,212","$25,228","$6,036,343",,"$1,658,503","$1,383,488","$1,935,441","$1,494,615","$3,772,867","$1,017,713","$4,174,851","$464,663","$426,537","$1,817,501","$306,272","$279,576","$207,559","$237,408","$156,837","$1,075,200","$51,914","$44,585","$52,341","$32,202","$3,997,454","$1,231,394","$914,351","$511,068",,"$349,439","$405,946","$970,628","$176,863","$273,830","$161,764","$790,975","$698,277","$1,387,810","$452,844","$429,919","$417,671","$372,087","$189,710","$113,602","$99,452","$47,386","$45,406","$5,354,261","$4,539,227","$1,782,011","$286,884","$253,531","$200,266","$5,235,103","$1,238,923","$1,211,574","$1,170,445","$809,265","$413,370","$98,645","$39,403,259",,,,,,,,,,,,,
The 5th Wave (2016),"$400,161","$2,547,633","$261,239","$3,593,787",,"$5,750,049","$1,142,655","$856,286","$3,221,903","$669,101","$3,463,847","$7,220,487","$361,554","$316,613","$1,515,014","$153,181","$402,749","$84,531","$420,870","$25,855","$301,463",,"$36,885",,"$136,104","$5,206,013","$709,949","$334,327","$485,193",,"$274,803","$1,867,419",,"$127,886","$86,332","$93,972","$878,768","$1,137,483","$1,184,553",,"$629,712","$235,145",,"$67,582","$64,811","$66,037",,"$33,910","$5,547,450","$655,163","$1,473,202","$2,628,657","$447,882","$1,272,538",,"$1,290,178","$150,806","$1,387,587","$2,506,794","$2,155,462","$357,581",,"$253,674","$216,579","$210,519","$183,454","$77,232","$72,320","$45,752","$3,914","$3,619",,,,
The Easy Way Out (2014),"$16,529",,,,,,,,,"$22,000",,"$290,488",,,,,,,,,,,,,,,,,,,,,,,,,,,,,,,,,,,,,,,,,,,,,,,,,,,,,,,,,,,,,,,
Home from Home: Chronicle of a Vision (2013),"$18,496",,,,,,,,"$20,807",,"$1,463,669",,"$9,748",,,,,,,,,,,,,,,,,,,,,,,,,,,,"$88,338",,,,,,,,,,,,,,,,,,,,,,,,,,,,,,,,,,
The Big Short (2015),"$422,374","$718,729","$74,172","$1,482,656",,"$2,166,918","$237,236","$2,918,707","$3,153,399","$5,302,931","$3,352,710","$5,416,144","$405,728","$448,723","$421,225",,"$300,698","$413,310","$651,627","$110,400","$127,720","$27,724","$44,613","$78,576","$3,566","$5,398,830","$7,624,380","$150,929","$219,290",,"$305,006",,"$309,689","$275,993","$685,952","$39,298","$495,711","$471,812","$805,140","$387,423","$937,226","$91,516","$345,090","$73,772","$37,220",,,"$3,440","$1,475,500","$54,542","$97,391","$239,883","$42,193","$72,979","$4,532,159","$1,022,843",,"$797,022","$110,803",,,,,,"$585,250",,,,,,,,,,
Loup (2009),"$110,750",,,,,,,,,,,"$10,189,599",,,,,,,,,"$11,996",,,,,,,,,,,,,,,,,,,,,,,,,,,,,,,,,,,,,,,,,,,,,,,,,,,,,,
Paris Follies (2014),"$47,033",,,,,"$149,842",,,"$133,694",,,"$1,812,077","$138,669",,,,,,,,,,,,,"$539,404",,,,,,,,,,,"$42,957",,,,,,,,,,,,,,,,,,,,,,,,,,,,,,,,,,,,,,
Zoolander 2 (2016),"$65,081","$1,136,717","$72,907","$602,241",,"$120,163","$132,999","$42,723","$914,604","$2,359,733","$565,610",,"$220,994","$105,583","$362,149","$41,593","$54,932",,"$113,660","$27,913","$178,393","$18,786","$87,044","$19,091","$5,325","$5,289,356","$5,777,833","$77,963","$118,434",,"$38,662","$117,906","$87,756","$196,331",,"$38,407","$343,016","$282,860","$103,400","$33,390","$159,459","$39,410",,"$93,741","$22,378",,,,"$1,105,757","$53,626","$186,340","$183,170","$61,786","$217,109",,"$294,025",,"$341,010","$278,202","$2,442,645",,,,,"$70,402",,,,"$11,903",,,,,,
How to Be Single (2016),"$1,086,235","$435,000","$39,427","$2,321,499",,"$603,474",,,"$1,722,977","$2,100,000","$9,300,000","$2,443,513","$643,500","$1,273,017","$863,952","$119,720","$122,000","$167,829","$318,340","$138,715","$574,215","$82,894","$82,895","$49,411","$2,756","$8,222,883","$8,600,000","$511,573","$527,213",,"$792,895","$297,974","$1,766,693","$594,118","$453,078","$325,654","$865,588","$810,641","$2,771,220","$927,505","$1,405,340","$212,407","$70,892","$211,611","$139,978",,,"$13,360","$1,900,000","$9,143","$314,000","$218,728",,"$151,915",,"$655,422",,"$3,500,000",,"$369,268",,,,,"$658,132","$37,076",,,"$75,460",,,,,,
Fifty Shades of Black (2016),"$60,714","$624,758",,"$610,293",,"$2,950,153",,,,"$1,442,610",,,,,,,"$39,120","$165,972","$307,252","$27,188","$142,907","$74,780","$6,231","$92,415",,,"$118,854","$339,372","$131,393",,"$191,065",,,,"$386,970","$236,306",,,,"$184,937",,,,"$329,921","$57,883",,,,"$531,318",,"$108,914","$210,154",,,,,,,,,,,,,,,,,,,,,,,
Nocturnal Animals (2016),"$227,142","$109,412","$15,877","$1,117,755",,"$593,988","$39,234","$246,920","$1,096,338","$2,241,355","$1,301,547","$1,655,859","$117,203","$49,099",,"$28,281","$132,416","$209,521","$127,484","$37,479","$10,932","$26,645",,,,"$1,566,598","$3,788,129","$133,566",,"$422,455","$128,427",,,"$83,891","$326,956","$26,950","$155,124","$130,831","$897,499","$240,000","$280,116",,,"$63,131","$35,458","$37,819",,,"$591,473","$22,498","$84,508","$24,446",,,"$432,457",,,"$110,072",,,,,,,"$113,914",,,,"$44,914",,,"$10,827","$47,217","$4,049",
Daddy's Home (2015),"$344,515","$1,185,905","$171,343","$2,079,885",,"$1,992,032","$253,287",,"$2,114,036","$192,643","$1,811,127",,"$413,661","$575,737","$1,432,189","$129,447","$59,373","$25,797","$218,386","$40,273","$467,749","$47,553","$182,569",,"$33,253","$15,361,513","$24,287,482","$412,400","$490,406",,"$577,100",,,"$292,186","$83,421","$40,194","$1,051,916","$568,870","$770,523","$598,325","$774,443","$205,097",,"$24,350","$81,269","$37,195",,"$12,537","$7,056,781","$283,950","$1,518,646","$2,378,465","$402,552","$487,875",,"$302,303",,"$901,711","$262,075",,,,,,"$819,041",,,,,,,,,,
Kung Fu Panda 3 (2016),"$1,732,240","$3,854,608","$431,040","$13,905,351",,"$6,607,390","$1,257,143","$26,388,997","$6,765,036","$9,188,861","$7,029,300","$19,366,374","$1,220,923","$2,026,269","$3,459,523","$468,362","$1,155,535","$873,002","$1,214,569","$351,400","$1,292,415","$359,505","$156,478","$162,781","$288,996","$9,807,545","$20,321,914","$499,925","$1,140,564",,"$679,576","$2,523,491","$1,697,068","$1,346,971","$2,756,669","$446,033","$1,463,837","$3,759,394","$3,027,409","$3,151,584","$2,224,755","$292,667","$979,544","$879,348","$334,820",,,,"$15,897,655","$712,073","$3,173,014","$3,017,302","$635,833","$1,623,556",,"$3,531,619",,"$1,654,097","$3,548,516",,,"$154,304,371","$514,763",,"$1,273,945","$435,416",,,"$227,230","$10,544",,,,,"$88,488"
Arabian Nights: Volume 1 - The Restless One (2015),"$9,498",,,,,,,,,,,,,,,,,,,,,,$286,,,,"$6,201",,,,,,,,,,,,,,,,,,,,,,,,,,,,,,,,,,,,,,,,,,,,,,,,
Pride and Prejudice and Zombies (2016),"$52,708","$104,778","$7,351","$532,267",,"$101,622","$308,340","$64,058","$174,632","$487,887","$175,789",,,,"$183,178","$21,433","$52,951",,"$60,010",,"$39,240",,,,"$25,261","$130,802","$1,037,601","$43,641","$52,973",,,,,,,,,"$157,086",,,"$35,987","$20,784",,,,,,,"$373,430",,"$87,924","$66,053",,"$105,908",,"$346,624",,,"$474,649","$132,831","$34,595",,,,,"$26,967",,,,,,,,,
Smoorverliefd (2010),"$1,368,490","$14,064",,,,,,,,,,,,,,,,,,,,,,,,,,,,,,,,,,,,,,,,,,,,,,,,,,,,,,,,,,,,,,,,,,,,,,,,,
Brasserie Romantiek (2012),"$996,191",,,,,"$209,040",,,"$66,294",,,,,,,,,,,,,,,,,,,,,,,,,,,,,,,,,,,,,,,,,,,,,,,,,,,,,,,,,,,,,,,,,,
Salomé (2002),,"$13,152",,,,,,,,,,,,,,,,,,,,,,,,,,,,,,"$15,631",,,,,,,,,,,,,,,,,,,,,,,,,,,,,,,,,,,,,,,,,,,
Truman (2015),,"$2,363,282","$139,836",,,"$623,238",,,"$3,830,630","$370,257","$198,433","$367,643","$59,277","$30,982",,,,,"$21,025",,,,,,,"$210,094","$4,961","$6,044",,,,"$73,854","$106,082","$31,217",,,,,"$165,792",,,,,,,,,,"$81,818",,"$95,678","$36,617",,,,,,,,,,,,,,,,,,,,,,,
"Sexo fácil, películas tristes (2014)",,"$56,631",,,,,,,,,,,,,,,,,,,,,,,,,,,,,,,,,,,,,,,,,,,,,,,,,,,,,,,,,,,,,,,,,,,,,,,,,
The Wave (2015),,"$109,057",,"$113,054",,,"$62,848","$87,579",,,,"$155,385",,"$10,768,607","$220,583",,,,"$9,113",,,,"$19,735",,"$21,995",,"$16,884",,"$15,323",,,,,"$99,190",,,,,"$63,227",,,,,,"$2,568",,,,"$617,614",,,,"$141,448",,,,,"$136,523",,,"$137,006",,,,,,,,,,,,,,
Truth (2015),,"$53,948","$17,960",,,"$237,836",,"$129,233","$358,475","$800,334",,"$340,749",,,,,"$21,224",,"$68,686",,"$54,703",,,,,"$238,823","$38,000",,,,,"$17,060",,"$5,420",,,,"$13,624",,"$31,672",,,"$27,934",,,,,,"$58,536",,"$18,436","$23,467",,,,,,"$285,123",,,,,,,,,,,,,,,,,
Back to the Jurassic (2012),,"$102,492","$13,068","$721,787",,,,"$1,831,658",,"$714,589","$57,186",,"$14,258",,"$135,409",,"$436,473",,"$65,072",,"$220,966",,,,,"$79,918",,,,,"$41,443","$133,870",,,"$986,644","$78,198","$29,852",,,,,"$27,191",,"$142,739",,,,,"$386,586",,"$63,084","$58,935","$30,707",,,,,,"$46,803",,,,,,,,,,,,,,,,
Top Cat (2011),,"$675,219","$16,914",,,"$1,093,167",,,,,,,,,,,,,,,,,,,,,,,,,,,,,,,,,,,,,,,,,,,"$8,199,985","$639,216",,"$960,880",,,,,,,,,,,,,,,,,,,,,,,
The Kindergarten Teacher (2014),,"$83,325",,,,,,,"$14,619",,,"$140,271",,,,,,,,,,,,,,,,,,,,,,,,,,,,,,,,,,,,,"$9,660",,,,,,,,,,,,,,,,,,,,,,,,,,
The Cat Vanishes (2011),,"$208,868","$4,279",,,,,,,,,,,,,,,,,,,,,,,,,,,,,,,,,,,,,,,,,,,,,,,,,,,,,,,,,,,,,,,,,,,,,,,,
Gone Fishing (2012),,"$154,710",,,,"$22,590",,,"$122,639",,,,,,,,,,,,,,,,,,,,,,,,,,,,,,,,,,,,,,,,,,,,,,,,,,,,,,,,,,,,,,,,,,
My Little Pony: Equestria Girls - Rainbow Rocks Animated (2014),,,"$7,557",,,,,,,,,,,,,,,,,,,,,,,,,,,,,,,,,,,,,,,,,,,,,,"$124,601",,,,,,,,,,,,,,,,,,,,,,,,,,
Sisters (2015),,,"$16,313","$235,403",,"$49,670",,,"$257,418","$97,559","$1,373,846","$99,714","$137,573",,"$286,670","$120,619",,,"$186,069","$45,904","$271,361","$101,480","$112,653","$34,239","$15,025","$8,360,646","$3,979,713","$276,223","$173,344",,,"$38,092","$111,973",,,,"$482,370","$54,252",,,,"$46,307",,,"$35,987","$28,193",,,,"$23,697",,"$93,370","$27,443","$131,252",,,,"$130,925","$53,262","$1,494",,,,,,,,,,,,,,,
"Bystree, chem kroliki (2014)",,,,"$5,237,467",,,,,,,,,,,,,,,,,,,,,,,,,,,,,,,,,,,,,,,,,,,,,,,,,,,,,,,,,,,,,,,,,,,,,,,
What Else Men Talk About (2011),,,,"$17,657,817",,,,,,,,,,,,,,,,,,,,,,,,,,,,,,,,,,,,,,,,,,,,,,,,,,,,,,,,,,,,,,,,,,,,,,,
Vanished Empire (2008),,,,"$1,501,283","$10,289",,,,,,,,,,,,,,,,,,,,,,,,,,,,,,,,,,,,,,,,,,,,,,,,,,,,,,,,,,,,,,,,,,,,,,
Them Who? (2015),,,,"$16,690",,,,,,,,,,,,,,,,,,,,,,,,,,,,,,,,,,,,,,,,,,,,,,,,,,,,,,,,,,,,,,,,,,,,,,,
The Squad (2015),,,,"$84,211",,,,,,,,,,,,,,,,,,,,,,,,,,,,,,,,,,,,,,,,,,,,,,,,,,,,,,,,,,"$363,284",,,,,,,,,,,,,
Heart of a Dog (2015),,,,"$23,457","$420,813",,,,,,,,,,,,,,"$25,975",,,,,,,,"$23,430",,,,,,,,,,,,,,,,,,,,,,,,,,,,,,,,,,,,,,,,,,,,,,,,
Hitchcock/Truffaut (2015),,,,"$17,736",,,,"$1,306","$59,068",,,,,,,,"$10,026",,"$1,698",,,,,,,,"$33,571",,,,,,,,,,"$2,636",,,,,,,,,,,,,,,,,,,,,,,,,,,,,,,,,,,,,,
The Power of Fear (2006),,,,"$4,890,521",,,,,,,,,,,,,,,,,,,,,,,,,,,,,,,,,,,,,,,,,,,,,,,,,,,,,,,,,,,,,,,,,,,,,,,
Schneider vs. Bax (2015),,,,"$6,472",,,,,,,,,,,,,,,,,,,,,,,,,,,,,,,,,,,,,,,,,,,,,,,,,,,,,,,,,,,,,,,,,,,,,,,
Blood Countess (2015),,,,"$937,491",,,,,,,,,,,,,,,,,,,,,,,,,,,,,,,,,,,,,,,,,,,,,,,,,,,,,,,,,,,,,,,,,,,,,,,
Babysitting 2 (2015),,,,"$657,311",,,,,,,,,,,,,,,,,,,,,,,,,,,,,,,,,,,,,,,,,,,,,,,,,"$13,496",,,,,,,,,,,,,,,,,,,,,,
Monkey King: Hero Is Back (2015),,,,"$53,091",,,,"$114,796",,,,,,,,,,,,,,,,,,,,,,,,,,,,,,,,,,,,,,,,,,,,,,,,,,,,,,"$153,020,000",,,,,,,,,,,,,
To Live! (2010),,,,"$11,661",,,,,,,,,,,,,,,,,,,,,,,,,,,,,,,,,,,,,,,,,,,,,,,,,,,,,,,,,,,,,,,,,,,,,,,
Archipelago (2010),,,,"$13,247","$7,791",,,,,,,,,,,,,,,,,,,,,,"$491,598",,,,,,,,,,,,,,,,,,,,,,,,,,,,,,,,,,,,,,,,,,,,,,,,
Locust (2014),,,,"$431,000",,,,,,,,,,,,,,,,,,,,,,,,,,,,,,,,,,,,,,,,,,,,,,,,,,,,,,,,,,,,,,,,,,,,,,,
Extraction (2015),,,,"$12,722",,,"$15,952",,,,,,,,"$310,514",,"$48,568",,"$46,051",,,,,,"$10,250",,,,,,,,,,,,,,,,,"$81,817",,,,,,,,,,,,,,,,"$153,366",,,"$14,621",,,,,,,,,,,,,,
Barney Thomson (2015),,,,"$25,189",,,,,,,,,,,,,,,,,,,,,,,,,,,,,,,,,,,,,,,,,,,,,,,,,,,,,,,,,,,,,,,,,,,,,,,
Bolshoi Babylon (2015),,,,"$11,108",,,"$11,231","$4,648",,,,,,,,,,,,,,,,,,,,,,,,,,,,,,,,,,,,,,,,,,,,,,,,,,,,,,,,,,,,,,,,,,,
"Josee, the Tiger and the Fish (2003)",,,,"$165,994",,,,"$473,194",,,,,,,,,,,,,,,,,,"$114,435","$56,685",,,,,,,,,,"$15,599",,,,,,,,"$13,086",,,,,,,,,,"$451,637",,,,,,"$77,706",,,,,,,,,,,,,,
Walking Vengeance (2008),,,,"$11,570",,,,,"$1,438,930",,,,,,,,,,,,,,,,,,,,,,,,,,"$8,919",,,,,,,,,,,,,,"$807,908",,,,,,,,,,,,,,,,,,,,,,,,,,
Under the Hawthorn Tree (2010),,,,"$14,581",,"$159,921",,,,,,,,,,,,,,,,,,,,,,,,,,,,,,,,,,,,,,,,,,,,,,,,,,"$229,777",,,,,,"$21,668,944",,,,,,,,,,,,,
Bajirao Mastani (2015),,,,$711,"$6,557,047",,,,,,,,,,"$1,948,555",,,,"$8,185",,,,,,,"$730,061","$1,929,856","$7,305",,,,,,,,,"$169,908",,,,,,,,,,,,,,,,,,,,,,,,,,,,,,,,,,,,,,
The Last: Naruto the Movie (2014),,,,"$428,849",,"$222,435",,"$329,622",,,,,,,,,,,,,,,,,,"$134,543",,,,,,"$133,532",,,,,"$29,030","$380,939",,,,,,,,,,,"$299,216",,,"$184,137",,,,"$186,995",,,,"$47,902","$47,534",,,,,,,,,,,,,,
SK1 (2014),,,,,"$10,330",,,,,,,"$2,563,070",,,,,,,,,,,,,,,,,,,,,,,,,,,,,,,,,,,,,,,,,,,,,,,,,,,,,,,,,,,,,,,
Downtown 81 (2000),,,,,"$231,445",,,,,,,,,,,,,,,,,,,,,,,,,,,,,,,,,,,,,,,,,,,,,,,,,,,,,,,,,,,,,,,,,,,,,,
Snowman's Land (2010),,,,,"$1,190",,,,"$1,938",,,,,,,,,,,,,,,,,,,,,,,,,,,,,,,,,,,,,,,,,,,,,,,,,,,,,,,,,,,,,,,,,,
Ghost in the Shell: The New Movie (2015),,,,,"$101,203",,,,,,,,,"$174,520",,,,,,,"$168,475","$14,609","$23,491",,,,,,,,,,,,,,,,,,,,,,,,,,,,,,,,"$1,231,108",,,,,,,,,,,,,,,,,,,,
Olvidados (2014),,,,,"$24,638",,,,,,,,,,,,,,,,,,,,,,,,,,,,,,,,,,,,,,,,,,,,,,,,"$116,795",,,,,,,,,,,,,,,,,,,,,,
My Sweet Orange Tree (2012),,,,,,"$359,842","$19,177",,,,,,,,,,,,,,,,,,,,,,,,,,,,,,,,,,,,,,,,,,,,,,,,,,,,,,,,,,,,,,,,,,,,
Bibliothèque Pascal (2010),,,,,,"$7,200",,,,,,,,,,,,,,,,,,,,,,,,,"$21,851",,,,,,,,,,,,,,,,,,,,,,,,,,,,,,,,,,,,,,,,,,,,
Under the Rainbow (2013),,,,,,"$67,338",,,,,,,,,,,,,,,,,,,,,,,,,,,,,,,,,,,,,,,,,,,,,,,,,,,,,,,,,,,,,,,,,,,,,
The Girl in the Book (2015),,,,,,"$73,134",,,,,,,,,,,,,,,,,,,,,,,,,,,,,,,,,,,,,,,,,,,,,,,,,,,,,,,,,,,,,,,,,,,,,
Quatre étoiles (2006),,,,,,"$43,059",,,,"$60,759",,"$5,555,830",,,,,,,,,,,,,,,,$716,,,,,,,,,,,,,,,,,,,,,"$23,787","$40,147",,,,,,,,,,,,,,,,,,,,,,,,,
Midnight Sun (2006),,,,,,,"$6,484","$406,120",,,,,,,,,,,,,,,,,,,,,,,,,,,,,,,,,,,,,,,,,,,,,,,"$7,074,505","$138,336",,"$8,613",,,,,,,,,,,,,,,,,
Boruto: Naruto the Movie (2015),,,,,,,"$228,579","$406,478",,,,"$69,687",,,,,,,,,,,,,,"$175,887",,,,,,,,,,,"$33,805",,,,,,,,,,,,"$144,394",,,,,,"$20,477,537","$83,140",,"$59,802","$370,848",,,"$15,392,640",,,,,,,,,,,,,
The Phone (2015),,,,,,,,"$2,108",,,,,,,,,,,,,,,,,,,,,,,,,,,,,,,,,,,,,,,,,,,,,,,,,,,,,,,,,,,,,,,,,,,
The Here After (2015),,,,,,,,"$6,687",,,,,,,,,,,,,,,,,,,,,,,,,,,,,,,,,,,,,,,,,,,,,,,,,,,,,,,,,,,,,,,,,,,
The President (2014),,,,,,,,"$7,760",,,,,,,,,,,,,,,,,,,,,,,,,,,,,,,,,,,,,,,,,,,,,,,,,,,,,,,,,,,,,,,,,,,
Our Times (2015),,,,,,,,"$2,842,967",,,,,,,,,,,,,,,,,,"$333,642","$50,166",,,,,,,,,,"$32,849","$3,171,750",,,,,,,,,,,,,,,,,,"$5,994,625",,"$14,660,808","$2,346,748",,,"$54,499,955",,,,,,,,,,,,,
Tumbledown (2015),,,,,,,,"$44,797","$1,325",,,,,,,,"$28,230",,"$4,375","$13,806",,"$2,600",,"$7,739",,,,,,,,,,,"$44,185",,,,,,,,,,,,,,,,,,,,,,,,,,,,,,,,,,,,,,,,
Memories of the Sword (2015),,,,,,,,"$2,233,991",,,,,,,,,,,,,,,,,,,,,,,,,,,,,,,,,,,,,,,,,,,,,,,,,,,,,,,,,,,,,,,,,,,
The Priests (2015),,,,,,,,"$36,367,637",,,,,,,,,,,,,,,,,,,,,,,,,,,,,,"$24,404",,,,,,,,,,,,,,,,,,,,,,,,,,,,,,,,,,,,,
Villain (2010),,,,,,,,"$22,565",,,,,,,,,,,,,,,,,,,,,,,,,,,,,,,,,,,,,,,,,,,,,,,"$22,265,088","$55,795",,"$62,923",,,,,,,,,,,,,,,,,
Worlds Apart (2015),,,,,,,,"$203,398",,,,,,,,,,"$4,734,653",,,,,,,,,,,,,"$13,211",,,,,,,,,,,,,,,,,,,,,,,,,,,,,,,,,,,,,,,,,,,,
Closed Note (2007),,,,,,,,"$5,526",,,,,,,,,,,,,,,,,,,,,,,,,,,,,,,,,,,,,,,,,,,,,,,"$7,524,929",,,,,,,,,,,,,,,,,,,,
Sister Smile (2009),,,,,,,,"$3,433",,,,,,,,,,,,,,,,,,,,,,,,,,,,,"$7,890",,,,,,,,,,,,,,,,,,,,,,,,,,,,,,,,,,,,,,
Kidnapping of Michel Houellebecq (2014),,,,,,,,,"$75,764",,,,"$7,908",,,,,,,,,,,,,,"$1,928",,,,,,,,"$10,495",,,,,,,,,,,,,,,,,,,,,,,,,,,,,,,,,,,,,,,,
Yalom's Cure (2014),,,,,,,,,"$41,929",,"$528,435",,"$135,939",,,,,"$59,507",,,,,,,,,,,,,,,,,,,,,,,,,,,,,,,,,,,,,,,,,,,,,,,,,,,,,,,,,
Steve McQueen: The Man & Le Mans (2015),,,,,,,,,"$4,157",,,,,,,,,,,,,,,,,,"$30,203",,,,,,,,,,,,,,,,,,,,,,,,,,,,,,,,,,,,,,,,,,,,,,,,
Ahora o nunca (2015),,,,,,,,,"$9,425,052",,,,,,,,,,"$2,824",,,,,,,,,,,,,,,,,,,,,,,,,,,,,,,,,,,,,,,,,,,,,,,,,,,,,,,,
Eva (2010),,,,,,,,,,"$17,880",,,,,,,"$16,406",,,,,,,,,,,$601,,,,,,,,,,,,,,,,,,,,,,,,,,,,,,,,,,,,,,,,,,,,,,,
Anguish (2015),,,,,,,,,,"$42,423",,,,,,,,,,,,,,,,,$467,,,,,,,,,,,,,,,,,,,,,,,,,,,,,,,,,,,,,,,,,,,,,,,,
Tamasha (2015),,,,,,,,,,,"$28,422",,$133,,,,,,,,,,,,,"$219,989","$663,313",,,,,,,,,,"$46,276",,,,,,,,,,,,,,,,,,,,"$12,136,142",,,,,,,,,,,,,,,,,,
When Santa Fell to Earth (2011),,,,,,,,,,,"$1,918,970",,"$186,638","$115,663",,,,,,,,,,"$7,861",,,"$64,401",,,,,,,,,,,,,,,,,,,,,,,,,,,,,,,,,,,,,,,,,,,,,,,,
Weekend of a Champion (2013),,,,,,,,,,,,,$876,,,,,,,,,,,,,,,,,,,,,,,,,,,,,,,,,,,,,,,,,,,,,,,,,,,,,,,,,,,,,,
Plush (2013),,,,,,,,,,,,,,,"$24,184",,,,,,,,,,,,,,,,,,,,,,,"$1,600",,,,,,,,,,,,,,,,,,,,,,,,,,,,,,,,,,,,,
American Hero (2015),,,,,,,,,,,,,,,"$51,797",,,,,,,,,,,,$27,,,,,,,,,,,,,,,,,,,,,,,,,,,,,,,,,,,,,,,,,,,,,,,,
Cosmos (2015),,,,,,,,,,,,,,,,,,,"$3,942",,,,,,,,"$2,058",,,,,,,,,,,,,,,,,,,,,,,,"$2,537",,,,,,,,,,,,,,,,,,,,,,,,
Recep Ivedik 4 (2014),,,,,,,,,,,,,,,,,,,,,,,,,,"$48,378",,,,,,,,,,,,,,,,,,,,,,,,,,,,,,,,,,,,,,,,,,,,,,,,,
Mary Kom (2014),,,,,,,,,,,,,,,,,,,,,,,,,,"$51,275","$167,265",,,,,,,,,,,,,,,,,,,,,,,,,,,,,,,,,,,,,,,,,,,,,,,,
Namastey London (2007),,,,,,,,,,,,,,,,,,,,,,,,,,"$213,850","$1,728,616",,,,,,,,,,,,,,,,,,,,,,,,,,,,,,"$12,108,989",,"$15,285",,,,,,,,,,,,,,,,
Mr. Six (2015),,,,,,,,,,,,,,,,,,,,,,,,,,"$351,017","$30,585",,,,,,,,,,"$53,558","$55,710",,,,,,,,,,,,,,,,,,"$16,872",,,,,,"$137,268,153",,,,,,,,,,,,,
"3 1/2 Minutes, 10 Bullets (2015)",,,,,,,,,,,,,,,,,,,,,,,,,,,"$8,856",,,,,,,,,,,,,,,,,,,,,,,,,,,,,,,,,,,,,,,,,,,,,,,,
Chi-Raq (2015),,,,,,,,,,,,,,,,,,,,,,,,,,,"$66,667",,,,,,,,,,,,,,,,,,,,,,,,,,,,,,,,,,,,,,,,,,,,,,,,
Mojave (2015),,,,,,,,,,,,,,,,,,,,,,,,,,,$349,,,,,,,,,,,,,,,,,,,,,,,,,,,,,,,,,,,,,,,,,,,,,,,,
The Black Panthers: Vanguard of the Revolution (2015),,,,,,,,,,,,,,,,,,,,,,,,,,,"$28,523",,,,,,,,,,,,,,,,,,,,,,,,,,,,,,,,,,,,,,,,,,,,,,,,
Unbranded (2015),,,,,,,,,,,,,,,,,,,,,,,,,,,,,,,,,,,,,"$2,607",,,,,,,,,,,,,,,,,,,,,,,,,,,,,,,,,,,,,,
My Lucky Star (2013),,,,,,,,,,,,,,,,,,,,,,,,,,,,,,,,,,,,,$660,"$69,421",,,,,,,,,,,,,,,,,,"$4,882",,,"$149,784",,,"$21,970,000",,,,,,,,,,,,,
Girlfriend Boyfriend (2012),,,,,,,,,,,,,,,,,,,,,,,,,,,,,,,,,,,,,"$6,152","$147,367",,,,,,,,,,,,,,,,,,"$449,693",,,,,,,,,,,,,,,,,,,
Jan Dara (2001),,,,,,,,,,,,,,,,,,,,,,,,,,,,,,,,,,,,,,"$60,984",,,,,,,,,,,"$36,786",,,,,,,"$961,974",,"$47,602",,,,,,,,,,,,,,,,,
Saving Mr. Wu (2015),,,,,,,,,,,,,,,,,,,,,,,,,,,,,,,,,,,,,,"$213,913",,,,,,,,,,,,,,,,,,"$289,076",,,"$276,476",,,"$30,350,000",,,,,,,,,,,,,
Psalm 21 (2009),,,,,,,,,,,,,,,,,,,,,,,,,,,,,,,,,,,,,,,,,"$29,577",,,,,,,,"$54,722",,,"$240,792",,,,,,,,,,,,,,,,,,,,,,,
Steak (R)evolution (2014),,,,,,,,,,,,,,,,,,,,,,,,,,,,,,,,,,,,,,,,,,,,,$13,,,,,,,,,,,,,,,,,,,,,,,,,,,,,,
600 Miles (2015),,,,,,,,,,,,,,,,,,,,,,,,,,,,,,,,,,,,,,,,,,,,,,,,,"$260,644",,,,,,,,,,,,,,,,,,,,,,,,,,
The Runway (2010),,,,,,,,,,,,,,,,,,,,,,,,,,,,,,,,,,,,,,,,,,,,,,,,,"$109,735",,,,,,,,,,,,,,,,,,,,,,,,,,
"Love, Pain and Vice Versa (2008)",,,,,,,,,,,,,,,,,,,,,,,,,,,,,,,,,,,,,,,,,,,,,,,,,"$542,978",,,,,,,,,,,,,,,,,,,,,,,,,,
Christmas Eve (2015),,,,,,,,,,,,,,,,,,,,,,,,,,,,,,,,,,,,,,,,,,,,,,,,,,,"$73,537",,,,,,,,,,,,,,,,,,,,,,,,
Blue Exorcist: The Movie (2012),,,,,,,,,,,,,,,,,,,,,,,,,,,,,,,,,,,,,,,,,,,,,,,,,,,,,,,"$5,973,125",,,,,,,,,,,,,,,,,,,,
We Were There: True Love (2012),,,,,,,,,,,,,,,,,,,,,,,,,,,,,,,,,,,,,,,,,,,,,,,,,,,,,,,"$49,639,086","$61,433",,,,,,,,,,,,,,,,,,,
About Love (2005),,,,,,,,,,,,,,,,,,,,,,,,,,,,,,,,,,,,,,,,,,,,,,,,,,,,,,,,"$119,166",,"$22,678",,,,,,,,,,,,,,,,,
Talvar (2015),,,,,,,,,,,,,,,,,,,,,,,,,,,,,,,,,,,,,,,,,,,,,,,,,,,,,,,,,"$6,532,720",,"$4,008",,,,,,,,,,,,,,,,
The Bride (2015),,,,,,,,,,,,,,,,,,,,,,,,,,,,,,,,,,,,,,,,,,,,,,,,,,,,,,,,,,"$608,028",,,,,,,,,,,,,,,,,
My Queen Karo (2009),,,,,,,,,,,,,,,,,,,,,,,,,,,,,,,,,,,,,,,,,,,,,,,,,,,,,,,,,,"$7,216",,,,,,,,,,,,,,,,,
Dark Awakening (2014),,,,,,,,,,,,,,,,,,,,,,,,,,,,,,,,,,,,,,,,,,,,,,,,,,,,,,,,,,,"$161,058",,,,,,,,,,,,,,,,
To the Fore (2015),,,,,,,,,,,,,,,,,,,,,,,,,,,,,,,,,,,,,,,,,,,,,,,,,,,,,,,,,,,,,,"$23,160,000",,,,,,,,,,,,,
Parasyte: Part 1 (2014),,,,,,,,,,,,,,,,,,,,,,,,,,,,,,,,,,,,,,,,,,,,,,,,,,,,,,,,,,,,,,"$7,229,631",,,,,,,,,,,,,
Love in Disguise (2010),,,,,,,,,,,,,,,,,,,,,,,,,,,,,,,,,,,,,,,,,,,,,,,,,,,,,,,,,,,,,,"$8,066,772",,,,,,,,,,,,,
101 Proposals (2013),,,,,,,,,,,,,,,,,,,,,,,,,,,,,,,,,,,,,,,,,,,,,,,,,,,,,,,,,,,,,,"$31,260,000",,,,,,,,,,,,,
One Night Surprise (2013),,,,,,,,,,,,,,,,,,,,,,,,,,,,,,,,,,,,,,,,,,,,,,,,,,,,,,,,,,,,,,"$26,212,189",,,,,,,,,,,,,
Buddha Mountain (2010),,,,,,,,,,,,,,,,,,,,,,,,,,,,,,,,,,,,,,,,,,,,,,,,,,,,,,,,,,,,,,"$10,656,489",,,,,,,,,,,,,
